1,"Watch your favourite Pakistani Dramas, Movies and TV Series using Zong’s Fastest Mobile Internet. For Details:… https://t.co/qcXKmimMJc"
2,"@ZahirPost Apne number pr maujood arzi taur per band services kay baare mein janne or de-activate kerne kay liye ""L… https://t.co/KvkTTZRnxX"
3,@zeeni_U We are connected with you via DM :)
4,"@zeeni_U Please DM us your usage details, we will suggest you best bundle according to your usage."
5,"@zeeni_U Hi, Please let us know if you need any assistance regarding Zong Services."
6,"All your favourite packages of SMS, Internet and Voice are now at one place #Zong4G Online Shop!… https://t.co/vXK8zGGpY2"
7,@tzash Your required details have been shared kindly check your message box and let us know if still any assistance is required.
8,"@tzash Hi, We definitely want to get this addressed for you, please DM your Zong number for further facilitation."
9,@aamirabbas_ You cannot use GSM SIM in your Zong MBB device.
10,"@aamirabbas_ Hi Aamir, You can only use Zong MBB SIM in your Zong MBB device which is mapped against your device."
11,"@ChotayAbbu Hi Abid, Give us a chance to look into your concern. Kindly share your contact number in message box for further assistance."
12,"@milkmann007 Hi Arham, We totally understand the inconvenience you are experiencing, please DM your Zong number for extended facilitation."
13,"@afzalaslam5785 Hi Afzal, Thank you for being part of Zong family"
14,#Zong4G collaborates with Bookme.pk to deliver your tickets free at your doorstep. https://t.co/pJIAppuvJU
15,"@SheikhNaveed Hi, We are connected with you via DM."
16,@MianAliHumayun Thank you :)
17,"@pakvoices @PTCLOfficial @OfficialWarid @Ufone @jazzpk Hi, We definitely want to get this addressed for you, please… https://t.co/2P9Wbaaawd"
18,"@MianAliHumayun Hi Ali, Well this is not the kind of experience we want you to have. Please DM your Zong number for extended facilitation."
19,"@mahboob1ch You have been replied, Kindly check your message box for further assistance"
20,"@shamylmansoor Hi Shamyl, We totally understand the inconvenience you are experiencing, please DM your Zong number… https://t.co/SCSwOFdzrc"
21,"@mahboob1ch Hi Mahboob, We definitely want to get this addressed for you, please DM your Zong number for further facilitation."
22,"Get a free Zong PLUS ONE SIM with free Internet Volume, Voice Minutes &amp; SMS. For more details visit: … https://t.co/VWSiUvM2VG"
23,"@tzash We are already connected with you via DM, please check your details"
24,"@tzash Hi, Please allow us a chance to look into your concern. Kindly share your Zong Data SIM number in message box for further assistance."
25,"@atifmtz We are already connected with via DM, Please check your details"
26,"@atifmtz Hi Atif, Well this is not the kind of experience we want you to have. Please DM your Zong number for extended facilitation."
27,"@xaqubz Hi Yaqub, We totally understand the inconvenience you are experiencing, please DM your MBB Zong number for extended facilitation."
28,"@ZahirPost Hi, Kindly aap apna masala humay message main send kijiye apko accordingly guide kar dia jaye ga."
29,"@Kawish_Breaking Hi, Sorry apko parishani ka samna karna parha, ap please apna Zong number DM mai send kijiye."
30,"@MuzzammilAli14 Hi Ali, Thank you for your suggestion and it would definitely be considered"
31,Zong Postpaid &amp; Prepaid customers can dial outgoing calls to Saudi Arabia in just PKR 5+Tax/ Minute. Please visit:… https://t.co/5n5cYdEbe2
32,@ucantstopme00 Glad you like our services :)
33,"@DRmhussain3 Hi, We are sorry for inconvenience caused, please DM your Zong number along with your address details for assistance."
34,"@mohamedinfas201 @HaadeaP Hi, please DM your Zong number for further assistance."
35,Subscribe now to MBB Monthly 50GB Bundle and get Extra 15GB Volume absolutely FREE. For more details visit:… https://t.co/WmraQqLiB3
36,@HaadeaP You are welcome :)
37,@HaadeaP Yes you can replace your SIM from franchise or retailer shop.
38,"@HaadeaP Hi, We are not offering SIM delivery services, Please visit nearest Zong CSC/Franchise/retailer shop along… https://t.co/BdaaKiN1G0"
39,@ImZeesh Please DM your Zong MBB number for assistance.
40,@real_javed We are pleased to serve you.
41,"@real_javed Please see the link for details
https://t.co/LBwuCcQE0E"
42,"@ImZeesh We are sorry, All MBB devices are mapped with their own SIMs, you can not use other SIM in device."
43,"@real_javed Please see the link for details
https://t.co/LBwuCcQE0E"
44,@real_javed You can avail Acquisition Offer.Dial *10# and press 1 and recharge rs 100 or more to Get 2000 MBs for 3… https://t.co/wBPqH0y3de
45,"@real_javed Zong Franchise Address in Jampur Road,Toba Tek Singh. is: Jampur Road Block # 14 Shop # 28/29 DG Khan"
46,"@real_javed Please check your previous posts, you were replied there."
47,"@ImZeesh Hi, Please contact your respective university administration in this regard."
48,@real_javed You can avail Acquisition Offer.Dial *10# and press 1 and recharge rs 100 or more to Get 2000 MBs for 3… https://t.co/paEizhctrO
49,"@real_javed On port in you will get Economy Package along with Rs 50 balance.
&amp;double volume offer &amp;100 pe 100 rech… https://t.co/TJxq2Sg8WD"
50,"@real_javed Hi, We are offering different exciting offers. 1/3"
51,@NNabeelawan77 You are Welcome.
52,"@NNabeelawan77 Hi Nabeel, Es hawaly sey mukamal details kay leye es link per visit kijiye, https://t.co/3FeGkX2LpX"
53,"All your favourite packages of SMS, Internet and Voice are now at one place #Zong4G Online Shop!… https://t.co/1Imyz6PSS8"
54,@SumayaMehmood Thank you.
55,@phuckwut You are Welcome.
56,"Access all your account details in one place with My Zong App.
Apple: https://t.co/pVZk95wcHm 
Android:… https://t.co/8WII2GdKfU"
57,"@ahkhan_ Hi, Kindly DM your issue along with your number for better assistance."
58,"@fahidjavid We are already connected with you via DM, please check your details"
59,"@fahidjavid Hi Fahid, We totally understand the inconvenience you are experiencing, please DM your Zong number for extended facilitation."
60,@ZahirPost Kindly check your message box for further assistance
61,"@ZahirPost Hi, Please message us your issue along with your problematic Zong number, so that we may assist you better."
62,"@Kawish_Breaking Hi, Kindly apna number, mukamal maslay ki details kay sath DM kijiye takay aap ki mukmal rehnumai ki ja sakay."
63,@Zhassan2574 :)
64,"@AamAwam We are already connected with you via DM, Please check your details"
65,"@AamAwam Hi, We totally understand the inconvenience you are experiencing, please DM your Zong number for extended facilitation."
66,"@fahimk527 Hi Fahim, Kindly check your DM for further assistance"
67,"@hyabdola @Ufone Hi, It’s our mission to provide best services to our respectable customers, so that they always bo… https://t.co/9fNVBUGPfR"
68,"@SualehAhmed Hi Sualeh, Your satisfaction is reward for us. Thank you :)
#Happytoserve"
69,@manj259 You are Welcome
70,Get amazing discounts on Find My Adventure Portal with #Zong4G #FindMyAdventure https://t.co/YRVMM6CJaO
71,@AbdurRa655 Kindly ap apna Zong number humein message box mein share kijyey taky ap ko further guide kiya ja saky
72,"@AbdurRa655 Hi, We totally understand the inconvenience you are experiencing, please DM your Zong number for extended facilitation."
73,"@FidaHussainkho3 Hi Fida, We are already connected with you via DM, please check your details for further assistance"
74,"@FidaHussainkho3 Hi Fida, We are already connected with you via DM, please check your details"
75,"All your favourite packages of SMS, Internet and Voice are now at one place #Zong4G Online Shop!… https://t.co/u65ma0Zb0J"
76,"@fkdharejo Hi Faheem, Give us a chance to look into your concern. Kindly share your contact number in message box for further assistance."
77,"@jamil_muhammad1 Hi Jamil, Thank you for your suggestion and it would definitely be considered."
78,"@manj259 Hi Azeem, Please explore the link for your desired details.
https://t.co/ZG2FSCPsTE"
79,"@mirfankan Hi Irfan, You cannot use HEC MBB SIM in your handset, you can only use it in your HEC mapped MBB device."
80,"#Zong4G launches Prepaid Roaming, Voice &amp; SMS Bundles for UAE for the very first time. For more details, visit:… https://t.co/GjTwP4pRWV"
81,"@SaadGhazwani Hi Saad, Kindly DM us your Zong number and other contact number so that we connect you for further assistance"
82,"@illahibux05 Hi, We are connected with you via DM, please check your details for further assistance"
83,"@illahibux05 Hi, We definitely want to get this addressed for you, please inbox your Zong number for further facilitation."
84,"@shamazk13 Hi Shamaz, Your satisfaction is reward for us. Thank you :)
#Happytoserve"
85,Get premium deals on Disconto with #Zong4G Download Now: https://t.co/bPBQ8wVTgC https://t.co/DbY36GoxtV
86,@le_me_be Thank you :)
87,"@le_me_be Hi, Kindly ap apna Zong number humein message box mein share kijyey taky ap ky behtar rehnumaye ky ja saky"
88,@sunnywbzx @WithDueRespct You are Welcome :)
89,@WithDueRespct Thank you for being part of Zong family :)
90,@FantabulousAf Rs 70/week. Taxes charge hongy agar laagu hain. 2/2
91,"@FantabulousAf Hi, Weekly Premium package activate karnay kay liye sms send kijiye ""weekly"" to 6464 aur hasil kijiye 700 MB data 1/2"
92,Never miss out on your favorite movies anymore! Zong &amp; Bookme.pk are here to make life easy for you. So Start booki… https://t.co/TiJJJAn5k4
93,"@mishneeb Hi, To check remaining minutes dial *102*2#, charges are Rs. 0.10 +Tax"
94,"@Luqmanshahzad99 Hi, Ge farmaye hum apki help kay liye available hain."
95,"@mustu90 Hi Mustafa, Zong customers are our most valuable asset and your feedback helps us serve you better #Happytoserve"
96,"@daily_jcdnews @hamzakhan_siyal Hi, Kindly ap apna Zong number humein DM kijyey taky ap ky further rehnumaye ky ja saky"
97,"@NoWeedHassan Hi Naveed, Kindly DM us your Zong number for further assistance"
98,"@alvirasaysthat (discounted price Rs 2500). For booking please visit the given link https://t.co/Tm67w1fEOi 
2/2"
99,"@alvirasaysthat Hi Alvira, We are offering Azadi offer for our valuable customers.
Book Fiber-Home MBB device onlin… https://t.co/l8qRC5WAmi"
100,"Exclusive discount of Rs.500 on #Zong4G Bolt+Device.
The offer ends at midnight 15th August. Order now:… https://t.co/kHFtiSqUDe"
101,"@Awaiszap390 Please check your DM, you were replied."
102,"@Awaiszap390 Hi, We are offering 15GB data extra on 50 GB data bundle, please share your MBB number in DM for assistance."
103,"@iamRajuKhan Hi, you can avail Acquisition offer. Dial *10# &amp; press 1 &amp; recharge Rs 100 or more to Get 2000 MBs for… https://t.co/sTdGDBderU"
104,"All your favourite packages of SMS, Internet and Voice are now at one place #Zong4G Online Shop!… https://t.co/DdICbOEOvD"
105,"@Bilal_Juttt Hi, Please Ap apna Zong number DM kijeye Ap ki rehnumai ki jai ge."
106,@rayasadali Thank you for appreciating our services.
107,"@antolaxmanbhai @nestlepakistan Shukriya 
#IndependanceDaySpecial"
108,@syeshsibtain Thank you for being part of Zong family :)
109,"@rubrubarubai Hi Ruba, Please confirm, you want to know about Zong GSM SIM internet bundles, Zong MBB device bundle… https://t.co/0Wnga8vFCB"
110,"Watch your favourite Pakistani Dramas, Movies and TV Series using Zong’s Fastest Mobile Internet. For Details:… https://t.co/c5JnmKpH2n"
111,@sadiasahar2000 We are connected with you via DM
112,"@sadiasahar2000 Hi, We definitely want to get this addressed for you, please inbox your Zong number for further facilitation."
113,"@RalphJMartins You are Welcome :) 
Glad to assist you."
114,"@RalphJMartins You may visit tomorrow, then MNP process will start as per your request."
115,"@RalphJMartins Hi, Please visit nearest Zong office along with your SIM and CNIC. Successful MNP process takes 4 working days. Thank you"
116,"@ali_eyez66 Thank you :)
#IndependanceDaySpecial"
117,@maqib114 Link to explore is https://t.co/Tm67w1fEOi 2/2
118,"@maqib114 Hi, Through azadi offer (10th August till 15th August, 2017) you can avail 17% discount on booking of 4g… https://t.co/oXL7pUCoOZ"
119,"@Imran_khan_Mayo Thank you Imran :)
Stay connected with #Zong4G #IndependanceDaySpecial"
120,"@TelecomeNews @ZoNG4G Hi, Explore the given link and enjoy the virtual tour of Quaid's birthplace :)"
121,"@DrShoaibafridi Hi Dr. Shoaib, Kindly connect us in DM along with your MBB number so that we may proceed."
122,"@DrShoaibafridi Hi Dr. Shoaib, Kindly connect to us in DM along with your Zong number and we will cater your complaint there."
123,"@ahmadhasan87 Hi, sure :) We are connected to you in DM"
124,"@jholaylolz Hi, Apologies for the inconvenience. Kindly share the Zong number via DM"
125,"@hamzaq3 Hi, Would you please share with us, your Zong number through DM."
126,"@fkdharejo Hi, Inconvenience regretted, kindly DM us the problematic number and we'll go from there."
127,"@Etsham_ Hi, Sure, We are already connected to you in DM :)"
128,@iamRajuKhan @jazzpk @warid @Ufone Link to explore is https://t.co/Tm67w1fEOi (2/2)
129,"@iamRajuKhan @jazzpk @warid @Ufone Hi, Through azadi offer (10th August till 15th August, 2017) you can avail 17% d… https://t.co/SobVMoGdRn"
130,A very happy 70th Independence Day from #Zong4G https://t.co/3kO1bYp4yp
131,@call_me_Uncle :)
132,@call_me_Uncle Thank you for your trust
133,"@BurhanULhaq @FIA_Pakistan Hi, We totally understand the inconvenience you are experiencing, please DM your Zong nu… https://t.co/UVFPZtVPnK"
134,"@AliRazaSKT Hi Ali, Kindly DM us your Zong number for further assistance"
135,"@SamirNawaz5 Hi Samir, Please explore the given link to check the heritage of Pakistan #Independanceday # Zong4G"
136,"@HamadRaza76 Device book karwany kay bad ap ko Zong CSC visit karna hoga, Mazeed details kay liye dia gya link visi… https://t.co/yFmerRtAfx"
137,@HamadRaza76 Azadi offer main apko 10th August se lay kar 15th August tak 4G bolt + Fiberhome device book karwany p… https://t.co/0qH9lHXtaq
138,"@HamadRaza76 Hi Hamad, Free MBs ky hawaly sy filwaqt update mujood nahi hy ap Azadi offer MBB Fiber home device per haasil kar sakty hein"
139,This #IndependenceDay #Zong4G gives us a tour of Quaid-e-Azam’s birthplace. Click this link to start the tour:… https://t.co/iCrit4Rm9O
140,"@bluntfactor @rayasadali Hi Annie, We definitely want to get this addressed for you, please inbox your Zong number for further facilitation."
141,"@RajaImran288 Hi Imran, We are offering Super weekly and weekly premium offers for our internet users, Please explo… https://t.co/M0a4BO2EmM"
142,"@kusiddiqui Hi Kamran, Give us a chance to look into your concern. Kindly share your contact number in message box for further assistance"
143,"@rayasadali Hi, We continuously strive to provide best network to our customers #Zong4G :)"
144,"@CaritadeAimen Hi, We totally understand the inconvenience you are experiencing and we are connected with you via DM."
145,"@ahmadbilal19233 Hi, Ap kindly apna issue aur Zong number hamai DM kijiye taah’kay apke bahtar rahnumai ke ja saky.… https://t.co/01NJN99Lxb"
146,@kanxsy You are Welcome :)
147,@shehzaibbajwa Thank you and we are connected with you via DM.
148,"@wahajsheikh007 Hi Wahaj, We are connected with you via DM"
149,"@kanxsy Hi, We definitely want to get this addressed for you, please inbox your Zong number for further facilitation."
150,"@Saad_iAm Hi Saad, Give us a chance to look into your concern. Kindly share your contact number in message box for further assistance."
151,@Deadhomie1 Glad you like it :)
152,"@OmerMJanjua Hi Omer, Kindly DM us your Zong number so that we check details for you"
153,"@SaifAli43712594 Please explore the given link for complete details and information
https://t.co/LBwuCcQE0E"
154,@SaifAli43712594 You are Welcome :)
155,"@n0tyourbhai Hi Rao, Kindly DM us your Zong number for further assistance"
156,"@HamadRaza76 Hi Hamad, Ap ko data services per provincial taxes ada kerna hoty hein, Ap apna number DM kijyey taky… https://t.co/gVhfSQGH5K"
157,"@SHAHEENKHAN11 Hi Roohullah, Internet bundle ky prices change nahi ky gaye hein, kindly ap apna number DM kijyey ta… https://t.co/iAFgoLU2h6"
158,"@HamadRaza76 Hi Hamad, Internet bundle ky prices change nahi ky gaye hein, kindly ap apna Zong number DM kijyey tak… https://t.co/JfWsY4wVq0"
159,#Zong4G collaborates with Bookme.pk to deliver your tickets free at your doorstep. https://t.co/q8cOQ6fdNe
160,"@WaqarChishti4 Please explore the given link for complete details 
https://t.co/ZnygAloCvf"
161,"@WaqarChishti4 Hi Waqar, We are offering different packages which includes daily, weekly and monthly offers but cur… https://t.co/gDEEOjDBXm"
162,"@shehzaibbajwa Hi Shehzaib, We totally understand the inconvenience you are experiencing, please DM your Zong numbe… https://t.co/TzCcyTy6xy"
163,"@arehman_991 Hi, Thank you for sharing your feedback. Zong always believe in moving forward in light of its customer’s feedback."
164,@Maahtab_ALi We are connected with you via DM.
165,"@a_socialanimal Hi, Give us a chance to look into your concern. Kindly share your contact number in message box for further assistance."
166,"@Maahtab_ALi Hi Mahtab, We definitely want to get this addressed for you, please DM your Zong number for further facilitation."
167,"@AminaBaig3 @Abdullah_Naeem @Ufone Hi, Thank you for sharing. Kindly keep using Zong services. #Zong4G"
168,@_MUKHTIARBALOCH 4G Service area mai izafay kay hawaly say kam tezi say jari hai jald he mazeed elaqoon mai service… https://t.co/KlZEYF5uqy
169,@_MUKHTIARBALOCH Zong radio TV activation kay liye Sub likh ker 7879 pe bhejain. Daily charges Rs.1+tax/day hain.
170,"@_MUKHTIARBALOCH Hi, Zong Radio TV service is details kay liye please link visit kijiye.
https://t.co/Rpx1kYQ7vj"
171,"@_ATariq_ Hi, Your have been guided kindly check your message box and let us know if still any assistance is required."
172,@aneestakar We are connected with you via message box.
173,@aneestakar @zong Please share your Zong number through message box.
174,"@AllahKarim786 Hi Najam, Give us a chance to look into your concern. Kindly share your contact number in message box for further assistance."
175,"@aneestakar @zong Hi Anees, We definitely want to get this addressed for you, please DM your Zong number for further facilitation."
176,"@CaritadeAimen Hum ap saath already connected hein, Kindly ap apna message box check kijyey taky further guide kiya ja saky"
177,"@NoorPeerZada1 Hi, Kindly ap apna Zong number humein DM kijyey apny mukamal details ky saath taky apky further help ky ja saky"
178,"All your favourite packages of SMS, Internet and Voice are now at one place #Zong4G Online Shop!… https://t.co/2i1hUCp6Sc"
179,"@CaritadeAimen @telenorpakistan @jazzpk Hi, We are already connected with you via DM, please check your details"
180,"@CaritadeAimen Hi, We will help you to get this issue resolved. Please message us your problematic Zong number so t… https://t.co/P4cMQHr9ec"
181,"@M_HamzaAzhar Hi, We will help you get this issue resolved. Please message us your problematic Zong number so that we may assist you better."
182,@Zanish15 @Mr_Programmer14 Kindly visit Zong website link for Zong call packages - https://t.co/ZVl5CbY3pH
183,"@Zanish15 @Mr_Programmer14 Hi, Please visit Zong website to check Zong SMS bundles detail and activation of sms bun… https://t.co/EqnRl9NRF5"
184,"@rixwan Hi Rizwan, You have been replied and guided in message. All details have been guided and shared as per process."
185,@anwerishere Give us a chance to look into your concern. Kindly share your contact number in message box for further assistance.
186,@anwerishere hamai DM mai send kijiye apko guide kiya jai ga hum apki help kay liye available hain. 2/2
187,"@anwerishere Hi Anwer, Agar apko balance usage kay hawaly sy issue dharpaish hai to ap please apna issue aur Zong number 1/2"
188,"@danialthebo Hi, We are already connected with you via DM :)"
189,@maritannaki Your required details have been shared kindly check your message box and let us know if still any assistance is required.
190,"@jahanzaib06 Hi Jahanzaib, Your required details have been shared kindly check and let us know if still any assistance is required."
191,"@Yasir_Khan_75 Details kay liye link visit kijiye.
https://t.co/vG6oqCJUAO"
192,"@Yasir_Khan_75 Hi Yasir, Ap online MNP request forward kar sakty hain apko MNP SIM delivery de jai ge. 1/2"
193,@Yasir_Khan_75 Ge nahe free data offer 3G to 4G SIM conversion pa de ja rahe hai. Shukriya
194,"Avail new discount on your #Zong4G Postpaid connection, click here to upgrade: https://t.co/Lk2Z6U1HEw https://t.co/l6saXiFBWL"
195,"@Yasir_Khan_75 Hi, 4G SIM replacement per extra incentive data eligibility check karny ky liyey link visit kijyey https://t.co/udBzyN6LLM"
196,@irfanhaider717 Please explore given link for complete details https://t.co/LBwuCcQE0E
197,"@irfanhaider717 Hi Irfan, All Prepaid Successful BVS subscribers that have not used their Zong SIMs from last 30 da… https://t.co/kAVDnhDvt9"
198,@rixwan Kindly DM us your Device Zong SIM number so that we can check details for you.
199,"@Aamir_Bhatti999 Hi Aamir, Thank you for your suggestion and it would definitely be considered."
200,"@RimsandRings Hi Hassan, Kindly share your Zong number with us and we will sort out the details for you."
201,"@rixwan Hi, Allow us to assist you, kindly share your details and we will get back to you."
202,"@mahrukhiqbal_s Hi Mahrukh, We definitely want to get this addressed for you, please inbox your Zong number for further facilitation."
203,"@daily_jcdnews Hi, Kindly ap apna Zong number apny mukamal tafseelat ky saath humein DM kijyey taky hum ap ky help kar sakein"
204,"Access all your account details in one place with My Zong App.
Apple: https://t.co/pVZk95NNyU 
Android:… https://t.co/Xv01HdVmfP"
205,"@PiruSaein Hi Faraz, We are connected with you via DM, Please check your details"
206,"@zidi_chaudhary_ Hi, We are here for your assistance, kindly DM us your Zong number for further assistance"
207,"@wAk_sports Hi Waqas, Details have been shared via DM, Kindly check your message box for further assistance :)"
208,"@eekhan10 Hi, We are already connected with you via DM, Please check your details for further assistance"
209,"@nadeemhaque @eekhan10 Hi Nadeem, Kindly DM us your Zong number so that we can check it and guide you further."
210,"@Dawoodpotojamal Hi Jamal, We are already connected with you via DM, please check your details"
211,"@eekhan10 Hi, Kindly check your message box for further assistance"
212,"@eekhan10 Hi, We definitely want to get this addressed for you, please inbox your Zong number for further facilitation."
213,"@atwaar Hi Omer, Please visit nearest Zong office along with your CNIC for Golden number."
214,@duzztakh Thank you for being part of Zong family :)
215,@Sk3435 You are Welcome
216,"@farooq_rose Booking kay liye link visit kijiye. https://t.co/Tm67w1fEOi
2/2"
217,"@farooq_rose Hi, Fiber-Home device online order book karnay pa 17% discount hasil kijiye (discounted price Rs 2500). 1/2"
218,"@Sk3435 given link https://t.co/Tm67w1fEOi 
2/2"
219,"@Sk3435 Hi, Book Fiber-Home MBB device online and get 17% discount (discounted price Rs 2500). For booking please visit the 1/2"
220,"Celebrate this Independence Day with #AzadiSale. Get exclusive discount of Rs.500 on #Zong4G Bolt+ Device
Order Now… https://t.co/WycxJCWjDu"
221,@Sajidam2500186 Apko message box mai reply kiya gaya hai please check kijiye. Hum apki help kay liye available hain.
222,"@Sajidam2500186 Hi Sajid, Ap kindly apna issue aur Zong number hamai DM kijiye taah’kay apke bahtar rahnumai ke ja saky."
223,"@shahidjabbi Hi Shahid, Ap please apna Zong number hamai DM mai send kijiye apko usage kay hawaly sy guide kiya jai ga Shukriya."
224,"Coming Soon, Stay tuned for exciting Azadi offer #Zong4G. For more details, please visit now:… https://t.co/U2hZZey4BV"
225,@AlishaInayat Please DM your Zong number you will be facilitated accordingly. Thank you
226,@Deadhomie1 We are connected with you via DM.
227,"@Deadhomie1 Hi, We definitely want to get this addressed for you, please DM your Zong number for further facilitation."
228,@noorrulhudaa You are Welcome :)
229,"@__Humorist @NxtToYouFool Ahem.. its not legal Talha. 
And don't worry Noor, your secrets are safe with us :)"
230,"@noorrulhudaa Please explore the link for exciting offers.
https://t.co/X0gEZLcbIB"
231,"@noorrulhudaa Is that even a question? 

We'd love to welcome you to the no.1 data network with a wide variety of p… https://t.co/SpVnIqV1Np"
232,"@mehranhu @ZonG_CMPak Hi Mehran, Give us a chance to look into your concern. Kindly share your contact number in me… https://t.co/uXZkQS2dFH"
233,"@KHANSHAH94 Please check your DM, you were replied there."
234,@AlishaInayat Thank you for being part of Zong family :)
235,@I_MBilal17 Pleased to serve you :)
236,@I_MBilal17 We are not offering any offer on SIM replacement.
237,"@maqboolshafqat Please check your DM, you were replied."
238,@Mr_Programmer14 Please DM your Zong number so that We may check your eligibility for re connection offer and assist you accordingly.
239,@I_MBilal17 SIM replacement charges are Rs 100. Please visit Zong CSC/Franchise along with your CNIC for assistance
240,@Mr_Programmer14 To know your own mobile number please send MYNO to 777. Charges are Rs.2 + tax
241,"@Huzaifa0005 @pen_chor @ASIMQAUMI This is not the experience we would want you to have, Kindly share your details in Inbox/DM"
242,"@Huzaifa0005 This is not the experience we would want you to have, Kindly share your details in Inbox/DM"
243,@Mr_Programmer14 Please confirm do you want to know about GSM SIM number.
244,"@atifmtz Your complaint is in process. Our teams are working on it, Please wait your issue will be resolved soon."
245,"@atifmtz Sorry to hear that, Please DM your complaint reference number for assistance."
246,Get amazing discounts on Find My Adventure Portal with #Zong4G #FindMyAdventure https://t.co/GdixoWSZGG
247,"@anwerishere Hi Anwer, Allow us to assist you, share your Zong number in DM and we will get back to you with details."
248,"@_ATariq_ We greatly regret the inconvenience you are facing, please share your Zong Number via DM for swift facilitation."
249,"@Ali_Bukhari2004 Yes you should!
We'd like to introduce you to Zong4G Bolt+, one of our star products with various… https://t.co/eAqxUJ7imG"
250,"@SAFE_KHYBER Hi, Hum apki help kay liye available hain. Ap kindly apna issue aur Zong number hamai DM kijiye taah’k… https://t.co/0eEwlzwJq9"
251,"@MuhamadAnas97 @iDeserveBetter_ Ap please details kay liye link visit kijiye.
https://t.co/X0gEZLcbIB"
252,"All your favourite packages of SMS, Internet and Voice are now at one place #Zong4G Online Shop!… https://t.co/oJ1RHQjDYo"
253,"@Qasim_SKP @asdyari @pen_chor @ASIMQAUMI Hi Qasim, We definitely want to get this addressed for you, please inbox y… https://t.co/mwkCF7bQNo"
254,@theforculate @sharafatali78 @Mr_Programmer14 Hum apki help kay liye available hain aur apko DM mai guide kiya ja raha hai.
255,"@Maahtab_ALi Hi Mahtab, Give us a chance to look into your concern. Kindly share your contact number in message box for further assistance."
256,"@asdyari @pen_chor @ASIMQAUMI We are connected with you via DM, and you will be facilitated accordingly."
257,"@asdyari @pen_chor @ASIMQAUMI Hi Iqbal, We totally understand the inconvenience you are experiencing, please DM you… https://t.co/pO9W5dksBh"
258,"@aamirabbas_ should be registered on your CNIC before the Port IN request is processed.
2/2"
259,"@aamirabbas_ Hi Aamir, MBB customers can avail FREE resources if they port in their other operator number to ZONG. Your MBB Device 1/2"
260,"@_MiShA__biebz_1 @telenorpakistan Hi, Stay connected with Fastest internet #Zong4G :)"
261,"@sharafatali78 @theforculate @Mr_Programmer14 Hi Sharafat, Kindly ap apna Zong number humein DM kijyey apny mukamal… https://t.co/8m1jdNtQ6m"
262,"@phatymahahmed Hi Fatimah, Kindly ap apna Zong number humein DM kijyey taky ap ko further guide kiya ja saky"
263,"@xaqubz @Danishsabzwari Hi Yaqub, Thank you for your affirmative response #Zong4G :)"
264,"@asimkhan005 @Chingez_ Hi, Kindly share your usage details &amp; Zong number via DM, we will definitely guide you about… https://t.co/QHZjDFppCk"
265,"@maritannaki Hi Yasir, Kindly ap apna usage apny Zong number ky saath DM kijyey taky ap ko best offers suggest ky ja sakein"
266,"@frodo__23 Hi Ahmed, Kindly check your DM for further assistance"
267,@Myzee1919Younus Stay connected with Fastest internet #Zong4G
268,"Watch your favourite Pakistani Dramas, Movies and TV Series using Zong’s Fastest Mobile Internet. For Details:… https://t.co/dzkKWIcuBm"
269,"@Pak_Info_Srvc Thank you, stay connected with #Zong4G :)"
270,"@king8979 Hi, We continuously strive to provide you the best services, Stay connected with us :)"
271,"@NoWeedHassan @Ufone @jazzpk Hi, We apologize for the troubling experience you faced. Kindly DM us the detailed con… https://t.co/fimHLIdtrI"
272,@MuhamadAnas97 @iDeserveBetter_ Kindly hum say DM mein apni requirement share kijiyay kay apko kitnay minutes aur data darkar hai?
273,"@TheRashidKhan Hi Rashid, Thank you for sharing your feedback. Zong always believe in moving forward in light of it… https://t.co/DNsiKOnc9v"
274,"@Tricks_All Hi, We are here for your help, please DM your Zong number you will be facilitated accordingly. Thank you"
275,@Iqbal49Nasir We are connected with you via DM :)
276,@shahrozimran4 Shukriya :)
277,"@shahrozimran4 Hi, Thank you for sharing your feedback. Zong always believe in moving forward in light of its customer’s feedback."
278,"@KazimKhan1989 HI Kazim, Please DM your Zong number we will guide you regarding your usage. Thank you"
279,"@shahidjabbi Hi Shahid, We totally understand the inconvenience you are experiencing, please DM your Zong number for extended facilitation."
280,"@LashkariShahzor Hi Shahzor, Ap kindly apna issue aur Zong number hamai DM kijiye taah’kay apke bahtar rahnumai ke ja saky."
281,"@MrRj001 Currently unlimited bundle is not available. For details please explore the link.
https://t.co/wOLqRkr9wi"
282,"@theforculate @Mr_Programmer14 Hi Sami, Ge farmaye Hum apki help kay liye available hain."
283,"@MrRj001 Hi, Please confirm, you want to know about Zong GSM SIM internet bundles, Zong MBB device bundles or Zong Internet SIM bundles?"
284,"@aamirabbas_ Hi Aamir, Thank you for being part of Zong family :)"
285,@Em__Aar We are connected with you via DM.
286,"@Romanking9 Hi, Ap My Zong App kay zarye apni details check kar sakty hain. Please link visit kijiye.
https://t.co/WTsH0maNtT"
287,"@Em__Aar Hi, Sorry apko parishani ka samna karna parha ap please apna Zong number message box mai share kijiye apko guide kiya jai ga."
288,@Romanking9 You are welcome.
289,@asghar_mahar786 @kashif_jatoi @Danishsabzwari Kindly visit Zong website to check MBB internet bundles that you can… https://t.co/2ujC3OeJEK
290,@asghar_mahar786 @kashif_jatoi @Danishsabzwari Please visit ZONG website for Zong mbb device information: https://t.co/m9NwE8QFFL
291,"@Jan_2k6 As per your complaint feedback, your provided address is not complete, please DM your complete address we… https://t.co/GkWv7MRgzj"
292,"@zaman_zpk @burhankgan42093 Hi Zaman, We definitely want to get this addressed for you, please DM your Zong number for further facilitation."
293,@kashif_jatoi @Danishsabzwari You are Welcome :)
294,@Zanish15 @Mr_Programmer14 Internet SIM kay bundles ki malomat jana chaty hain. 2/2
295,"@Zanish15 @Mr_Programmer14 Hi - Ap Zong GSM SIM kay Internet bundles ki malomat jana chaty hain, Zong MBB devices kay bundles ya 1/2"
296,"@kashif_jatoi @Danishsabzwari Yes, Bolt+ device price is Rs. 3000.
For MBB bundle details please visit the link.
https://t.co/wOLqRkIKnQ"
297,"@kashif_jatoi @Danishsabzwari Hi Kashif, Please confirm, you want to know about device price or monthly MBB bundles?"
298,@Hh94H @Danishsabzwari Hi - Thank you for your suggestion and it would definitely be considered.
299,"@Anchors_of_Pk Hi, We are offering One plus one offer for our valuable customers.
Please visit the link for details.
https://t.co/iLMzYQ2P9y"
300,@UsamaAlitweets You are Welcome and Stay connected with Zong services :)
301,@UsamaAlitweets Your required details have been shared kindly check and let us know if still any assistance is required.
302,@UsamaAlitweets We are connected with you via DM.
303,@pinkibz1 You are Welcome :)
304,"@UsamaAlitweets You have been replied, please check your message box. Thank you"
305,@illahibux05 @BijliWala_ @CrypticDr We are connected with you via DM :)
306,@_MiShA__biebz_1 @king_boylieber Thank you for being part of Zong family :)
307,@Basharat_47 Thank you! Glad you like it! :)
308,Get recharged immediately online with #Zong4G and always stay connected! https://t.co/WN1lnmaxKp https://t.co/VirdEqRCRx
309,@RealAhmadSaeed We are connected with you via message box. Thank you :)
310,"@samad_mashwani Hi Samad, Please DM your usage details we will suggest you exciting bundle according to your usage.… https://t.co/YkXHft9YG5"
311,"@Muhamma11404642 Zong brings you Fiber Home, combining speed and convenience like never before. Please visit the li… https://t.co/mncRlcQ2bY"
312,"@Sk3435 @Mr_Programmer14 Hi, We are offering Super Weekly offer for our valuable customers.
Please explore the link… https://t.co/p1mfpKOSHS"
313,@Muhamma11404642 Book FiberHome MBB device online and get discount (discounted price Rs 2700).For booking please vi… https://t.co/9RMji4anJJ
314,"@Muhamma11404642 We would suggest you our MBB services for MBB bundles details please explore the link.
https://t.co/wOLqRkr9wi"
315,"@Muhamma11404642 Hi Farrukh, Please DM your usage details we will suggest you best bundle according to your usage. Thank you"
316,@Mr_Programmer14 Thank you for being part of Zong family :)
317,"@Alcoholic_AKB You are Welcome, Keep enjoying Zong services :)"
318,"@Jan_2k6 Our customers are our most valuable asset, we are 24/7 available for your help."
319,"@Jan_2k6 You are Welcome :) 
Please wait soon you will be replied."
320,"@MuhamadAnas97 @iDeserveBetter_ Hi Anas, Please confirm kijiye ap SMS packages jana chaty hain Internet packages ya… https://t.co/TINWF4ihog"
321,"@Saadat87 Hi Saadat, Currently unlimited bundle is not available. For exciting bundles please explore the link.
https://t.co/ZnygAloCvf"
322,"@iDeserveBetter_ Although we are committed to the Future<ed><U+00A0><U+00BD><ed><U+00B1><U+0087>

https://t.co/Eu9lpBjUFj 

but sure.. why not <ed><U+00A0><U+00BD><ed><U+00B8><U+0082>… https://t.co/EByM7fATVf"
323,@ovais_raza share kijiye apko details check kar kay guide kiya jai ga. Shukriya  2/2
324,"@ovais_raza Hi Owais, Voice Bundle Rs.500 kay charges taxes shamil kar kay Rs. 597. 50 hain. 
Please apna Zong number DM mai 1/2"
325,"@iammskofficial Hi, Our customers are our most valuable asset and your feedback helps us serve you better."
326,@ahsanansari01 Shukriya :)
327,"@RealAhmadSaeed We are offering 4G services in Toba Tek Singh city, if you are facing any issue please DM your numb… https://t.co/MPNIiudv1q"
328,"@kashif_Qaimi @ahsanansari01 @aeydotwhy Hi, Thank you! Glad you like it! :)"
329,"@tilamuhammad14 Hi, Thank you for your affirmative response."
330,"@atifmtz Hi Atif, Give us a chance to look into your concern. Kindly share your contact number in message box for further assistance."
331,"@CHFaisalMangat Hi Faisal, Zong always believe in moving forward in light of its customer’s feedback."
332,"@pinkibz1 Hi Aseefa, Zong Combo pack available hai activation kay liye *15# dial kijiye charges Rs.200+Tax hain."
333,@News_of_Pk Thank you for being part of Zong family :)
334,@Aamir_Malik_419 @Alcoholic_AKB #Zong4G Thank you for being a part of fastest internet services
335,@EeyAh_Maher @BijliWala_ We are happy to serve you with fastest internet #Zong4G :)
336,@royalpeep @Ufone @zong Would love to have you on board. Shall we get started? Drop us a DM please :)
337,"@Iqbal49Nasir Hi Nasir, Kindly share your Zong Device number via DM for further assistance"
338,@munazzaanwaar Thank you for considering us :)
339,@StylishMalik02 @SansCulottic Kindly check your message box for further assistance
340,@AliHussain6188 @Spogmai_SR Stay connected with #Zong4G
341,"@huzaifanaeem14 @shabihfatima905 @YaraDeYaar Saras'r ilzam hai yeh <ed><U+00A0><U+00BD><ed><U+00B8><U+0086> 
We are committed to the Future! See<ed><U+00A0><U+00BD><ed><U+00B1><U+0087> https://t.co/f8GxInJUxy"
342,"@UsamaAlitweets Hi Usama, Kindly DM us your Zong number for further assistance"
343,"@GhulamAhmad46 Hi, We are already connected via message box, Please check your details for further assistance."
344,"@saffiullah2014 @Danishsabzwari @saffiullah2014 Hi, We are offering bolt+ devices in Rs 3000. You can get a 10% dis… https://t.co/L2g4DD4U5I"
345,"@AfridiFan_MUFC We are connected with you :), kindly check your message box for further details"
346,"@Yar_Mohd007 Hi, Unfortunatelly, we are only offering daily Social bundles. Further, share your number in DM &amp; we w… https://t.co/IEePuVcaWZ"
347,"@RealAhmadSaeed Hi Ahmad, share your City name with us in DM."
348,"@Jan_2k6 Hum ap kay liye masla check kiye letay hain, apna number humaien DM kejye."
349,"@shabihfatima905 @YaraDeYaar Can't wait to welcome you on board, drop us a line and we'll get started :)"
350,"@Aamir_Malik_419 Hi Aamir, Stay Connected with #Zong4G"
351,@AmnaSituation We are blessed to have you! https://t.co/Mzo6F3Gl03
352,@AliHussain6188 @Spogmai_SR We are glad that you like our services.
353,@Mushi_Sidd Thank you for your kind words.
354,@burhankgan42093 We are glad that you like our services
355,@PervezI05130532 Thank you for your appriciation Pervez.
356,"@AfridiFan_MUFC Hi, It depends on your usage &amp; requirment, kindly share your Zong number in DM so that we can sugge… https://t.co/1Pnf124zmR"
